"url","Name","URL","URL_link"
"https://www.city-data.com/city/Arkansas.html","Adona","Adona",""
"https://www.city-data.com/city/Arkansas.html","Alexander, AR","Alexander, AR",""
"https://www.city-data.com/city/Arkansas.html","Alma, AR","Alma, AR",""
"https://www.city-data.com/city/Arkansas.html","Almyra","Almyra",""
"https://www.city-data.com/city/Arkansas.html","Alpena, AR","Alpena, AR",""
"https://www.city-data.com/city/Arkansas.html","Altheimer","Altheimer",""
"https://www.city-data.com/city/Arkansas.html","Altus, AR","Altus, AR",""
"https://www.city-data.com/city/Arkansas.html","Amity, AR","Amity, AR",""
"https://www.city-data.com/city/Arkansas.html","Arkadelphia","Arkadelphia","https://www.city-data.com/city/Arkadelphia-Arkansas.html"
"https://www.city-data.com/city/Arkansas.html","Arkansas City, AR","Arkansas City, AR",""
"https://www.city-data.com/city/Arkansas.html","Ash Flat","Ash Flat",""
"https://www.city-data.com/city/Arkansas.html","Ashdown","Ashdown",""
"https://www.city-data.com/city/Arkansas.html","Atkins, AR","Atkins, AR",""
"https://www.city-data.com/city/Arkansas.html","Augusta, AR","Augusta, AR",""
"https://www.city-data.com/city/Arkansas.html","Austin, AR","Austin, AR",""
"https://www.city-data.com/city/Arkansas.html","Avilla, AR","Avilla, AR",""
"https://www.city-data.com/city/Arkansas.html","Avoca, AR","Avoca, AR",""
"https://www.city-data.com/city/Arkansas.html","Bald Knob, AR","Bald Knob, AR",""
"https://www.city-data.com/city/Arkansas.html","Barling","Barling",""
"https://www.city-data.com/city/Arkansas.html","Batesville, AR","Batesville, AR","https://www.city-data.com/city/Batesville-Arkansas.html"
"https://www.city-data.com/city/Arkansas.html","Bauxite","Bauxite",""
"https://www.city-data.com/city/Arkansas.html","Bay","Bay",""
"https://www.city-data.com/city/Arkansas.html","Bearden, AR","Bearden, AR",""
"https://www.city-data.com/city/Arkansas.html","Beebe","Beebe","https://www.city-data.com/city/Beebe-Arkansas.html"
"https://www.city-data.com/city/Arkansas.html","Bella Vista, AR","Bella Vista, AR","https://www.city-data.com/city/Bella-Vista-Arkansas.html"
"https://www.city-data.com/city/Arkansas.html","Bellefonte, AR","Bellefonte, AR",""
"https://www.city-data.com/city/Arkansas.html","Belleville, AR","Belleville, AR",""
"https://www.city-data.com/city/Arkansas.html","Bentonville, AR","Bentonville, AR","https://www.city-data.com/city/Bentonville-Arkansas.html"
"https://www.city-data.com/city/Arkansas.html","Benton, AR","Benton, AR","https://www.city-data.com/city/Benton-Arkansas.html"
"https://www.city-data.com/city/Arkansas.html","Bergman","Bergman",""
"https://www.city-data.com/city/Arkansas.html","Berryville, AR","Berryville, AR",""
"https://www.city-data.com/city/Arkansas.html","Bethel Heights","Bethel Heights",""
"https://www.city-data.com/city/Arkansas.html","Bigelow, AR","Bigelow, AR",""
"https://www.city-data.com/city/Arkansas.html","Biggers","Biggers",""
"https://www.city-data.com/city/Arkansas.html","Black Oak","Black Oak",""
"https://www.city-data.com/city/Arkansas.html","Black Rock, AR","Black Rock, AR",""
"https://www.city-data.com/city/Arkansas.html","Blevins","Blevins",""
"https://www.city-data.com/city/Arkansas.html","Blytheville","Blytheville","https://www.city-data.com/city/Blytheville-Arkansas.html"
"https://www.city-data.com/city/Arkansas.html","Bonanza, AR","Bonanza, AR",""
"https://www.city-data.com/city/Arkansas.html","Bono","Bono",""
"https://www.city-data.com/city/Arkansas.html","Booneville, AR","Booneville, AR",""
"https://www.city-data.com/city/Arkansas.html","Bradford, AR","Bradford, AR",""
"https://www.city-data.com/city/Arkansas.html","Bradley, AR","Bradley, AR",""
"https://www.city-data.com/city/Arkansas.html","Branch, AR","Branch, AR",""
"https://www.city-data.com/city/Arkansas.html","Briarcliff, AR","Briarcliff, AR",""
"https://www.city-data.com/city/Arkansas.html","Brinkley","Brinkley",""
"https://www.city-data.com/city/Arkansas.html","Brookland","Brookland",""
"https://www.city-data.com/city/Arkansas.html","Bryant, AR","Bryant, AR","https://www.city-data.com/city/Bryant-Arkansas.html"
"https://www.city-data.com/city/Arkansas.html","Buckner, AR","Buckner, AR",""
"https://www.city-data.com/city/Arkansas.html","Bull Shoals","Bull Shoals",""
"https://www.city-data.com/city/Arkansas.html","Cabot, AR","Cabot, AR","https://www.city-data.com/city/Cabot-Arkansas.html"
"https://www.city-data.com/city/Arkansas.html","Caddo Valley","Caddo Valley",""
"https://www.city-data.com/city/Arkansas.html","Caldwell, AR","Caldwell, AR",""
"https://www.city-data.com/city/Arkansas.html","Calico Rock","Calico Rock",""
"https://www.city-data.com/city/Arkansas.html","Calion","Calion",""
"https://www.city-data.com/city/Arkansas.html","Camden, AR","Camden, AR","https://www.city-data.com/city/Camden-Arkansas.html"
"https://www.city-data.com/city/Arkansas.html","Cammack Village","Cammack Village",""
"https://www.city-data.com/city/Arkansas.html","Campbell Station","Campbell Station",""
"https://www.city-data.com/city/Arkansas.html","Caraway","Caraway",""
"https://www.city-data.com/city/Arkansas.html","Carlisle, AR","Carlisle, AR",""
"https://www.city-data.com/city/Arkansas.html","Carthage, AR","Carthage, AR",""
"https://www.city-data.com/city/Arkansas.html","Cash","Cash",""
"https://www.city-data.com/city/Arkansas.html","Caulksville","Caulksville",""
"https://www.city-data.com/city/Arkansas.html","Cave City, AR","Cave City, AR",""
"https://www.city-data.com/city/Arkansas.html","Cave Springs","Cave Springs",""
"https://www.city-data.com/city/Arkansas.html","Cedarville, AR","Cedarville, AR",""
"https://www.city-data.com/city/Arkansas.html","Center Ridge","Center Ridge",""
"https://www.city-data.com/city/Arkansas.html","Centerton","Centerton","https://www.city-data.com/city/Centerton-Arkansas.html"
"https://www.city-data.com/city/Arkansas.html","Central City, AR","Central City, AR",""
"https://www.city-data.com/city/Arkansas.html","Charleston, AR","Charleston, AR",""
"https://www.city-data.com/city/Arkansas.html","Cherokee Village","Cherokee Village",""
"https://www.city-data.com/city/Arkansas.html","Cherry Valley, AR","Cherry Valley, AR",""
"https://www.city-data.com/city/Arkansas.html","Chidester","Chidester",""
"https://www.city-data.com/city/Arkansas.html","Clarendon, AR","Clarendon, AR",""
"https://www.city-data.com/city/Arkansas.html","Clarkedale","Clarkedale",""
"https://www.city-data.com/city/Arkansas.html","Clarksville, AR","Clarksville, AR","https://www.city-data.com/city/Clarksville-Arkansas.html"
"https://www.city-data.com/city/Arkansas.html","Clinton, AR","Clinton, AR",""
"https://www.city-data.com/city/Arkansas.html","Coal Hill","Coal Hill",""
"https://www.city-data.com/city/Arkansas.html","College City, AR","College City, AR",""
"https://www.city-data.com/city/Arkansas.html","College Station, AR","College Station, AR",""
"https://www.city-data.com/city/Arkansas.html","Colt","Colt",""
"https://www.city-data.com/city/Arkansas.html","Concord, AR","Concord, AR",""
"https://www.city-data.com/city/Arkansas.html","Conway, AR","Conway, AR","https://www.city-data.com/city/Conway-Arkansas.html"
"https://www.city-data.com/city/Arkansas.html","Corning, AR","Corning, AR",""
"https://www.city-data.com/city/Arkansas.html","Cotter, AR","Cotter, AR",""
"https://www.city-data.com/city/Arkansas.html","Cotton Plant","Cotton Plant",""
"https://www.city-data.com/city/Arkansas.html","Cove, AR","Cove, AR",""
"https://www.city-data.com/city/Arkansas.html","Crawfordsville, AR","Crawfordsville, AR",""
"https://www.city-data.com/city/Arkansas.html","Crossett","Crossett",""
"https://www.city-data.com/city/Arkansas.html","Cushman","Cushman",""
"https://www.city-data.com/city/Arkansas.html","Damascus, AR","Damascus, AR",""
"https://www.city-data.com/city/Arkansas.html","Danville, AR","Danville, AR",""
"https://www.city-data.com/city/Arkansas.html","Dardanelle","Dardanelle",""
"https://www.city-data.com/city/Arkansas.html","De Queen","De Queen","https://www.city-data.com/city/De-Queen-Arkansas.html"
"https://www.city-data.com/city/Arkansas.html","De Valls Bluff","De Valls Bluff",""
"https://www.city-data.com/city/Arkansas.html","De Witt, AR","De Witt, AR",""
"https://www.city-data.com/city/Arkansas.html","Decatur, AR","Decatur, AR",""
"https://www.city-data.com/city/Arkansas.html","Delight","Delight",""
"https://www.city-data.com/city/Arkansas.html","Dell","Dell",""
"https://www.city-data.com/city/Arkansas.html","Dennard","Dennard",""
"https://www.city-data.com/city/Arkansas.html","Denning, AR","Denning, AR",""
"https://www.city-data.com/city/Arkansas.html","Dermott","Dermott",""
"https://www.city-data.com/city/Arkansas.html","Des Arc, AR","Des Arc, AR",""
"https://www.city-data.com/city/Arkansas.html","Diamond City","Diamond City",""
"https://www.city-data.com/city/Arkansas.html","Diaz","Diaz",""
"https://www.city-data.com/city/Arkansas.html","Dierks","Dierks",""
"https://www.city-data.com/city/Arkansas.html","Donaldson, AR","Donaldson, AR",""
"https://www.city-data.com/city/Arkansas.html","Dover, AR","Dover, AR",""
"https://www.city-data.com/city/Arkansas.html","Dumas, AR","Dumas, AR",""
"https://www.city-data.com/city/Arkansas.html","Dyer, AR","Dyer, AR",""
"https://www.city-data.com/city/Arkansas.html","Dyess","Dyess",""
"https://www.city-data.com/city/Arkansas.html","Earle","Earle",""
"https://www.city-data.com/city/Arkansas.html","East Camden","East Camden",""
"https://www.city-data.com/city/Arkansas.html","East End","East End","https://www.city-data.com/city/East-End-Arkansas.html"
"https://www.city-data.com/city/Arkansas.html","Edmondson","Edmondson",""
"https://www.city-data.com/city/Arkansas.html","El Dorado, AR","El Dorado, AR","https://www.city-data.com/city/El-Dorado-Arkansas.html"
"https://www.city-data.com/city/Arkansas.html","Elaine","Elaine",""
"https://www.city-data.com/city/Arkansas.html","Elkins, AR","Elkins, AR",""
"https://www.city-data.com/city/Arkansas.html","Elm Springs","Elm Springs",""
"https://www.city-data.com/city/Arkansas.html","Emerson, AR","Emerson, AR",""
"https://www.city-data.com/city/Arkansas.html","Emmet, AR","Emmet, AR",""
"https://www.city-data.com/city/Arkansas.html","England","England",""
"https://www.city-data.com/city/Arkansas.html","Enola, AR","Enola, AR",""
"https://www.city-data.com/city/Arkansas.html","Etowah, AR","Etowah, AR",""
"https://www.city-data.com/city/Arkansas.html","Eudora, AR","Eudora, AR",""
"https://www.city-data.com/city/Arkansas.html","Eureka Springs","Eureka Springs",""
"https://www.city-data.com/city/Arkansas.html","Evening Shade, AR","Evening Shade, AR",""
"https://www.city-data.com/city/Arkansas.html","Fairfield Bay","Fairfield Bay",""
"https://www.city-data.com/city/Arkansas.html","Farmington, AR","Farmington, AR","https://www.city-data.com/city/Farmington-Arkansas.html"
"https://www.city-data.com/city/Arkansas.html","Fayetteville, AR","Fayetteville, AR","https://www.city-data.com/city/Fayetteville-Arkansas.html"
"https://www.city-data.com/city/Arkansas.html","Fisher, AR","Fisher, AR",""
"https://www.city-data.com/city/Arkansas.html","Flippin","Flippin",""
"https://www.city-data.com/city/Arkansas.html","Fordyce, AR","Fordyce, AR",""
"https://www.city-data.com/city/Arkansas.html","Foreman","Foreman",""
"https://www.city-data.com/city/Arkansas.html","Forrest City","Forrest City","https://www.city-data.com/city/Forrest-City-Arkansas.html"
"https://www.city-data.com/city/Arkansas.html","Fort Smith, AR","Fort Smith, AR","https://www.city-data.com/city/Fort-Smith-Arkansas.html"
"https://www.city-data.com/city/Arkansas.html","Fouke","Fouke",""
"https://www.city-data.com/city/Arkansas.html","Fountain Lake","Fountain Lake",""
"https://www.city-data.com/city/Arkansas.html","Fredonia (Biscoe)","Fredonia (Biscoe)",""
"https://www.city-data.com/city/Arkansas.html","Garfield, AR","Garfield, AR",""
"https://www.city-data.com/city/Arkansas.html","Garland, AR","Garland, AR",""
"https://www.city-data.com/city/Arkansas.html","Garner, AR","Garner, AR",""
"https://www.city-data.com/city/Arkansas.html","Gassville","Gassville",""
"https://www.city-data.com/city/Arkansas.html","Gateway, AR","Gateway, AR",""
"https://www.city-data.com/city/Arkansas.html","Gentry, AR","Gentry, AR",""
"https://www.city-data.com/city/Arkansas.html","Gibson, AR","Gibson, AR",""
"https://www.city-data.com/city/Arkansas.html","Gillett, AR","Gillett, AR",""
"https://www.city-data.com/city/Arkansas.html","Gilmore, AR","Gilmore, AR",""
"https://www.city-data.com/city/Arkansas.html","Glenwood, AR","Glenwood, AR",""
"https://www.city-data.com/city/Arkansas.html","Goshen, AR","Goshen, AR",""
"https://www.city-data.com/city/Arkansas.html","Gosnell","Gosnell",""
"https://www.city-data.com/city/Arkansas.html","Gould, AR","Gould, AR",""
"https://www.city-data.com/city/Arkansas.html","Grady, AR","Grady, AR",""
"https://www.city-data.com/city/Arkansas.html","Grannis","Grannis",""
"https://www.city-data.com/city/Arkansas.html","Gravel Ridge","Gravel Ridge",""
"https://www.city-data.com/city/Arkansas.html","Gravette","Gravette",""
"https://www.city-data.com/city/Arkansas.html","Green Forest","Green Forest",""
"https://www.city-data.com/city/Arkansas.html","Greenbrier, AR","Greenbrier, AR",""
"https://www.city-data.com/city/Arkansas.html","Greenland, AR","Greenland, AR",""
"https://www.city-data.com/city/Arkansas.html","Greenwood, AR","Greenwood, AR","https://www.city-data.com/city/Greenwood-Arkansas.html"
"https://www.city-data.com/city/Arkansas.html","Greers Ferry","Greers Ferry",""
"https://www.city-data.com/city/Arkansas.html","Griffithville","Griffithville",""
"https://www.city-data.com/city/Arkansas.html","Grubbs","Grubbs",""
"https://www.city-data.com/city/Arkansas.html","Gurdon","Gurdon",""
"https://www.city-data.com/city/Arkansas.html","Guy","Guy",""
"https://www.city-data.com/city/Arkansas.html","Hackett, AR","Hackett, AR",""
"https://www.city-data.com/city/Arkansas.html","Hamburg, AR","Hamburg, AR",""
"https://www.city-data.com/city/Arkansas.html","Hampton, AR","Hampton, AR",""
"https://www.city-data.com/city/Arkansas.html","Hardy, AR","Hardy, AR",""
"https://www.city-data.com/city/Arkansas.html","Harrell","Harrell",""
"https://www.city-data.com/city/Arkansas.html","Harrisburg, AR","Harrisburg, AR",""
"https://www.city-data.com/city/Arkansas.html","Harrison, AR","Harrison, AR","https://www.city-data.com/city/Harrison-Arkansas.html"
"https://www.city-data.com/city/Arkansas.html","Hartford, AR","Hartford, AR",""
"https://www.city-data.com/city/Arkansas.html","Hartman, AR","Hartman, AR",""
"https://www.city-data.com/city/Arkansas.html","Haskell, AR","Haskell, AR",""
"https://www.city-data.com/city/Arkansas.html","Hatfield, AR","Hatfield, AR",""
"https://www.city-data.com/city/Arkansas.html","Havana, AR","Havana, AR",""
"https://www.city-data.com/city/Arkansas.html","Hazen, AR","Hazen, AR",""
"https://www.city-data.com/city/Arkansas.html","Heber Springs","Heber Springs","https://www.city-data.com/city/Heber-Springs-Arkansas.html"
"https://www.city-data.com/city/Arkansas.html","Hector, AR","Hector, AR",""
"https://www.city-data.com/city/Arkansas.html","Helena-West Helena","Helena-West Helena","https://www.city-data.com/city/Helena-West-Helena-Arkansas.html"
"https://www.city-data.com/city/Arkansas.html","Helena, AR","Helena, AR",""
"https://www.city-data.com/city/Arkansas.html","Hermitage, AR","Hermitage, AR",""
"https://www.city-data.com/city/Arkansas.html","Hickory Ridge","Hickory Ridge",""
"https://www.city-data.com/city/Arkansas.html","Higginson","Higginson",""
"https://www.city-data.com/city/Arkansas.html","Highfill","Highfill",""
"https://www.city-data.com/city/Arkansas.html","Highland, AR","Highland, AR",""
"https://www.city-data.com/city/Arkansas.html","Hiwasse","Hiwasse",""
"https://www.city-data.com/city/Arkansas.html","Holiday Island","Holiday Island",""
"https://www.city-data.com/city/Arkansas.html","Holland, AR","Holland, AR",""
"https://www.city-data.com/city/Arkansas.html","Holly Grove","Holly Grove",""
"https://www.city-data.com/city/Arkansas.html","Hope, AR","Hope, AR","https://www.city-data.com/city/Hope-Arkansas.html"
"https://www.city-data.com/city/Arkansas.html","Horatio","Horatio",""
"https://www.city-data.com/city/Arkansas.html","Horseshoe Bend, AR","Horseshoe Bend, AR",""
"https://www.city-data.com/city/Arkansas.html","Horseshoe Lake","Horseshoe Lake",""
"https://www.city-data.com/city/Arkansas.html","Hot Springs Village","Hot Springs Village","https://www.city-data.com/city/Hot-Springs-Village-Arkansas.html"
"https://www.city-data.com/city/Arkansas.html","Hot Springs, AR","Hot Springs, AR","https://www.city-data.com/city/Hot-Springs-Arkansas.html"
"https://www.city-data.com/city/Arkansas.html","Hoxie, AR","Hoxie, AR",""
"https://www.city-data.com/city/Arkansas.html","Hughes, AR","Hughes, AR",""
"https://www.city-data.com/city/Arkansas.html","Humnoke","Humnoke",""
"https://www.city-data.com/city/Arkansas.html","Humphrey, AR","Humphrey, AR",""
"https://www.city-data.com/city/Arkansas.html","Huntington, AR","Huntington, AR",""
"https://www.city-data.com/city/Arkansas.html","Huntsville, AR","Huntsville, AR",""
"https://www.city-data.com/city/Arkansas.html","Huttig","Huttig",""
"https://www.city-data.com/city/Arkansas.html","Imboden","Imboden",""
"https://www.city-data.com/city/Arkansas.html","Jacksonport, AR","Jacksonport, AR",""
"https://www.city-data.com/city/Arkansas.html","Jacksonville, AR","Jacksonville, AR","https://www.city-data.com/city/Jacksonville-Arkansas.html"
"https://www.city-data.com/city/Arkansas.html","Jasper, AR","Jasper, AR",""
"https://www.city-data.com/city/Arkansas.html","Johnson, AR","Johnson, AR",""
"https://www.city-data.com/city/Arkansas.html","Joiner","Joiner",""
"https://www.city-data.com/city/Arkansas.html","Jonesboro, AR","Jonesboro, AR","https://www.city-data.com/city/Jonesboro-Arkansas.html"
"https://www.city-data.com/city/Arkansas.html","Judsonia","Judsonia",""
"https://www.city-data.com/city/Arkansas.html","Junction City, AR","Junction City, AR",""
"https://www.city-data.com/city/Arkansas.html","Keiser","Keiser",""
"https://www.city-data.com/city/Arkansas.html","Kensett, AR","Kensett, AR",""
"https://www.city-data.com/city/Arkansas.html","Keo","Keo",""
"https://www.city-data.com/city/Arkansas.html","Kibler","Kibler",""
"https://www.city-data.com/city/Arkansas.html","Kingsland, AR","Kingsland, AR",""
"https://www.city-data.com/city/Arkansas.html","Kirby, AR","Kirby, AR",""
"https://www.city-data.com/city/Arkansas.html","Knobel","Knobel",""
"https://www.city-data.com/city/Arkansas.html","Knoxville, AR","Knoxville, AR",""
"https://www.city-data.com/city/Arkansas.html","Lafe","Lafe",""
"https://www.city-data.com/city/Arkansas.html","Lake City, AR","Lake City, AR",""
"https://www.city-data.com/city/Arkansas.html","Lake Hamilton, AR","Lake Hamilton, AR",""
"https://www.city-data.com/city/Arkansas.html","Lake View, AR","Lake View, AR",""
"https://www.city-data.com/city/Arkansas.html","Lake Village, AR","Lake Village, AR",""
"https://www.city-data.com/city/Arkansas.html","Lakeview, AR","Lakeview, AR",""
"https://www.city-data.com/city/Arkansas.html","Lamar, AR","Lamar, AR",""
"https://www.city-data.com/city/Arkansas.html","Landmark","Landmark",""
"https://www.city-data.com/city/Arkansas.html","Lavaca","Lavaca",""
"https://www.city-data.com/city/Arkansas.html","Leachville","Leachville",""
"https://www.city-data.com/city/Arkansas.html","Lead Hill","Lead Hill",""
"https://www.city-data.com/city/Arkansas.html","Leola, AR","Leola, AR",""
"https://www.city-data.com/city/Arkansas.html","Lepanto","Lepanto",""
"https://www.city-data.com/city/Arkansas.html","Leslie, AR","Leslie, AR",""
"https://www.city-data.com/city/Arkansas.html","Letona","Letona",""
"https://www.city-data.com/city/Arkansas.html","Lewisville, AR","Lewisville, AR",""
"https://www.city-data.com/city/Arkansas.html","Lexa","Lexa",""
"https://www.city-data.com/city/Arkansas.html","Lincoln, AR","Lincoln, AR",""
"https://www.city-data.com/city/Arkansas.html","Little Flock","Little Flock",""
"https://www.city-data.com/city/Arkansas.html","Little Rock, AR","Little Rock, AR","https://www.city-data.com/city/Little-Rock-Arkansas.html"
"https://www.city-data.com/city/Arkansas.html","Lockesburg","Lockesburg",""
"https://www.city-data.com/city/Arkansas.html","London, AR","London, AR",""
"https://www.city-data.com/city/Arkansas.html","Lonoke","Lonoke",""
"https://www.city-data.com/city/Arkansas.html","Lost Bridge Village","Lost Bridge Village",""
"https://www.city-data.com/city/Arkansas.html","Lowell, AR","Lowell, AR","https://www.city-data.com/city/Lowell-Arkansas.html"
"https://www.city-data.com/city/Arkansas.html","Luxora","Luxora",""
"https://www.city-data.com/city/Arkansas.html","Lynn, AR","Lynn, AR",""
"https://www.city-data.com/city/Arkansas.html","Madison, AR","Madison, AR",""
"https://www.city-data.com/city/Arkansas.html","Magazine","Magazine",""
"https://www.city-data.com/city/Arkansas.html","Magness","Magness",""
"https://www.city-data.com/city/Arkansas.html","Magnolia, AR","Magnolia, AR","https://www.city-data.com/city/Magnolia-Arkansas.html"
"https://www.city-data.com/city/Arkansas.html","Malvern, AR","Malvern, AR","https://www.city-data.com/city/Malvern-Arkansas.html"
"https://www.city-data.com/city/Arkansas.html","Mammoth Spring","Mammoth Spring",""
"https://www.city-data.com/city/Arkansas.html","Manila, AR","Manila, AR",""
"https://www.city-data.com/city/Arkansas.html","Mansfield, AR","Mansfield, AR",""
"https://www.city-data.com/city/Arkansas.html","Marianna, AR","Marianna, AR",""
"https://www.city-data.com/city/Arkansas.html","Marion, AR","Marion, AR","https://www.city-data.com/city/Marion-Arkansas.html"
"https://www.city-data.com/city/Arkansas.html","Marked Tree","Marked Tree",""
"https://www.city-data.com/city/Arkansas.html","Marmaduke","Marmaduke",""
"https://www.city-data.com/city/Arkansas.html","Marshall, AR","Marshall, AR",""
"https://www.city-data.com/city/Arkansas.html","Marvell","Marvell",""
"https://www.city-data.com/city/Arkansas.html","Maumelle","Maumelle","https://www.city-data.com/city/Maumelle-Arkansas.html"
"https://www.city-data.com/city/Arkansas.html","Mayflower, AR","Mayflower, AR",""
"https://www.city-data.com/city/Arkansas.html","Maynard, AR","Maynard, AR",""
"https://www.city-data.com/city/Arkansas.html","McAlmont","McAlmont",""
"https://www.city-data.com/city/Arkansas.html","McCrory","McCrory",""
"https://www.city-data.com/city/Arkansas.html","McGehee","McGehee",""
"https://www.city-data.com/city/Arkansas.html","McNeil","McNeil",""
"https://www.city-data.com/city/Arkansas.html","McRae, AR","McRae, AR",""
"https://www.city-data.com/city/Arkansas.html","Melbourne, AR","Melbourne, AR",""
"https://www.city-data.com/city/Arkansas.html","Mena","Mena",""
"https://www.city-data.com/city/Arkansas.html","Menifee, AR","Menifee, AR",""
"https://www.city-data.com/city/Arkansas.html","Midland, AR","Midland, AR",""
"https://www.city-data.com/city/Arkansas.html","Midway, AR","Midway, AR",""
"https://www.city-data.com/city/Arkansas.html","Mineral Springs, AR","Mineral Springs, AR",""
"https://www.city-data.com/city/Arkansas.html","Mitchellville, AR","Mitchellville, AR",""
"https://www.city-data.com/city/Arkansas.html","Monette","Monette",""
"https://www.city-data.com/city/Arkansas.html","Monticello, AR","Monticello, AR","https://www.city-data.com/city/Monticello-Arkansas.html"
"https://www.city-data.com/city/Arkansas.html","Montrose, AR","Montrose, AR",""
"https://www.city-data.com/city/Arkansas.html","Moro, AR","Moro, AR",""
"https://www.city-data.com/city/Arkansas.html","Morrilton","Morrilton","https://www.city-data.com/city/Morrilton-Arkansas.html"
"https://www.city-data.com/city/Arkansas.html","Mount Ida, AR","Mount Ida, AR",""
"https://www.city-data.com/city/Arkansas.html","Mount Pleasant, AR","Mount Pleasant, AR",""
"https://www.city-data.com/city/Arkansas.html","Mountain Home, AR","Mountain Home, AR","https://www.city-data.com/city/Mountain-Home-Arkansas.html"
"https://www.city-data.com/city/Arkansas.html","Mountain Pine","Mountain Pine",""
"https://www.city-data.com/city/Arkansas.html","Mountain View, AR","Mountain View, AR",""
"https://www.city-data.com/city/Arkansas.html","Mountainburg","Mountainburg",""
"https://www.city-data.com/city/Arkansas.html","Mulberry, AR","Mulberry, AR",""
"https://www.city-data.com/city/Arkansas.html","Murfreesboro, AR","Murfreesboro, AR",""
"https://www.city-data.com/city/Arkansas.html","Nashville, AR","Nashville, AR",""
"https://www.city-data.com/city/Arkansas.html","Natural Steps","Natural Steps",""
"https://www.city-data.com/city/Arkansas.html","Newark, AR","Newark, AR",""
"https://www.city-data.com/city/Arkansas.html","Newport, AR","Newport, AR","https://www.city-data.com/city/Newport-Arkansas.html"
"https://www.city-data.com/city/Arkansas.html","Norfork","Norfork",""
"https://www.city-data.com/city/Arkansas.html","Norman, AR","Norman, AR",""
"https://www.city-data.com/city/Arkansas.html","Norphlet","Norphlet",""
"https://www.city-data.com/city/Arkansas.html","North Crossett","North Crossett",""
"https://www.city-data.com/city/Arkansas.html","North Little Rock","North Little Rock","https://www.city-data.com/city/North-Little-Rock-Arkansas.html"
"https://www.city-data.com/city/Arkansas.html","Oak Grove Heights","Oak Grove Heights",""
"https://www.city-data.com/city/Arkansas.html","Oak Grove, AR","Oak Grove, AR",""
"https://www.city-data.com/city/Arkansas.html","Oden, AR","Oden, AR",""
"https://www.city-data.com/city/Arkansas.html","Oil Trough","Oil Trough",""
"https://www.city-data.com/city/Arkansas.html","Ola, AR","Ola, AR",""
"https://www.city-data.com/city/Arkansas.html","Oppelo","Oppelo",""
"https://www.city-data.com/city/Arkansas.html","Osceola, AR","Osceola, AR","https://www.city-data.com/city/Osceola-Arkansas.html"
"https://www.city-data.com/city/Arkansas.html","Oxford, AR","Oxford, AR",""
"https://www.city-data.com/city/Arkansas.html","Ozark, AR","Ozark, AR",""
"https://www.city-data.com/city/Arkansas.html","Palestine, AR","Palestine, AR",""
"https://www.city-data.com/city/Arkansas.html","Pangburn","Pangburn",""
"https://www.city-data.com/city/Arkansas.html","Paragould","Paragould","https://www.city-data.com/city/Paragould-Arkansas.html"
"https://www.city-data.com/city/Arkansas.html","Paris, AR","Paris, AR",""
"https://www.city-data.com/city/Arkansas.html","Parkdale, AR","Parkdale, AR",""
"https://www.city-data.com/city/Arkansas.html","Parkers-Iron Springs","Parkers-Iron Springs",""
"https://www.city-data.com/city/Arkansas.html","Parkin","Parkin",""
"https://www.city-data.com/city/Arkansas.html","Patterson, AR","Patterson, AR",""
"https://www.city-data.com/city/Arkansas.html","Pea Ridge, AR","Pea Ridge, AR",""
"https://www.city-data.com/city/Arkansas.html","Perla","Perla",""
"https://www.city-data.com/city/Arkansas.html","Perrytown","Perrytown",""
"https://www.city-data.com/city/Arkansas.html","Perryville, AR","Perryville, AR",""
"https://www.city-data.com/city/Arkansas.html","Perry, AR","Perry, AR",""
"https://www.city-data.com/city/Arkansas.html","Piggott","Piggott",""
"https://www.city-data.com/city/Arkansas.html","Pine Bluff","Pine Bluff","https://www.city-data.com/city/Pine-Bluff-Arkansas.html"
"https://www.city-data.com/city/Arkansas.html","Pineville, AR","Pineville, AR",""
"https://www.city-data.com/city/Arkansas.html","Piney, AR","Piney, AR",""
"https://www.city-data.com/city/Arkansas.html","Plainview, AR","Plainview, AR",""
"https://www.city-data.com/city/Arkansas.html","Pleasant Plains, AR","Pleasant Plains, AR",""
"https://www.city-data.com/city/Arkansas.html","Plumerville","Plumerville",""
"https://www.city-data.com/city/Arkansas.html","Pocahontas, AR","Pocahontas, AR","https://www.city-data.com/city/Pocahontas-Arkansas.html"
"https://www.city-data.com/city/Arkansas.html","Pollard, AR","Pollard, AR",""
"https://www.city-data.com/city/Arkansas.html","Portia","Portia",""
"https://www.city-data.com/city/Arkansas.html","Portland, AR","Portland, AR",""
"https://www.city-data.com/city/Arkansas.html","Pottsville, AR","Pottsville, AR",""
"https://www.city-data.com/city/Arkansas.html","Poyen","Poyen",""
"https://www.city-data.com/city/Arkansas.html","Prairie Creek","Prairie Creek",""
"https://www.city-data.com/city/Arkansas.html","Prairie Grove, AR","Prairie Grove, AR",""
"https://www.city-data.com/city/Arkansas.html","Prattsville, AR","Prattsville, AR",""
"https://www.city-data.com/city/Arkansas.html","Prescott, AR","Prescott, AR",""
"https://www.city-data.com/city/Arkansas.html","Pyatt","Pyatt",""
"https://www.city-data.com/city/Arkansas.html","Quitman, AR","Quitman, AR",""
"https://www.city-data.com/city/Arkansas.html","Ravenden","Ravenden",""
"https://www.city-data.com/city/Arkansas.html","Rector","Rector",""
"https://www.city-data.com/city/Arkansas.html","Redfield, AR","Redfield, AR",""
"https://www.city-data.com/city/Arkansas.html","Reyno","Reyno",""
"https://www.city-data.com/city/Arkansas.html","Rison","Rison",""
"https://www.city-data.com/city/Arkansas.html","Rockport, AR","Rockport, AR",""
"https://www.city-data.com/city/Arkansas.html","Rockwell, AR","Rockwell, AR",""
"https://www.city-data.com/city/Arkansas.html","Rogers, AR","Rogers, AR","https://www.city-data.com/city/Rogers-Arkansas.html"
"https://www.city-data.com/city/Arkansas.html","Roland, AR","Roland, AR",""
"https://www.city-data.com/city/Arkansas.html","Rose Bud","Rose Bud",""
"https://www.city-data.com/city/Arkansas.html","Rosston, AR","Rosston, AR",""
"https://www.city-data.com/city/Arkansas.html","Russellville, AR","Russellville, AR","https://www.city-data.com/city/Russellville-Arkansas.html"
"https://www.city-data.com/city/Arkansas.html","Russell, AR","Russell, AR",""
"https://www.city-data.com/city/Arkansas.html","Salem, AR","Salem, AR",""
"https://www.city-data.com/city/Arkansas.html","Salesville, AR","Salesville, AR",""
"https://www.city-data.com/city/Arkansas.html","Scranton, AR","Scranton, AR",""
"https://www.city-data.com/city/Arkansas.html","Searcy","Searcy","https://www.city-data.com/city/Searcy-Arkansas.html"
"https://www.city-data.com/city/Arkansas.html","Shannon Hills","Shannon Hills",""
"https://www.city-data.com/city/Arkansas.html","Sheridan, AR","Sheridan, AR",""
"https://www.city-data.com/city/Arkansas.html","Sherwood, AR","Sherwood, AR","https://www.city-data.com/city/Sherwood-Arkansas.html"
"https://www.city-data.com/city/Arkansas.html","Shirley, AR","Shirley, AR",""
"https://www.city-data.com/city/Arkansas.html","Siloam Springs","Siloam Springs","https://www.city-data.com/city/Siloam-Springs-Arkansas.html"
"https://www.city-data.com/city/Arkansas.html","Smackover","Smackover",""
"https://www.city-data.com/city/Arkansas.html","Sparkman","Sparkman",""
"https://www.city-data.com/city/Arkansas.html","Springdale, AR","Springdale, AR","https://www.city-data.com/city/Springdale-Arkansas.html"
"https://www.city-data.com/city/Arkansas.html","St. Charles, AR","St. Charles, AR",""
"https://www.city-data.com/city/Arkansas.html","St. Francis, AR","St. Francis, AR",""
"https://www.city-data.com/city/Arkansas.html","Stamps","Stamps",""
"https://www.city-data.com/city/Arkansas.html","Star City, AR","Star City, AR",""
"https://www.city-data.com/city/Arkansas.html","Stephens","Stephens",""
"https://www.city-data.com/city/Arkansas.html","Strawberry, AR","Strawberry, AR",""
"https://www.city-data.com/city/Arkansas.html","Strong, AR","Strong, AR",""
"https://www.city-data.com/city/Arkansas.html","Stuttgart","Stuttgart","https://www.city-data.com/city/Stuttgart-Arkansas.html"
"https://www.city-data.com/city/Arkansas.html","Subiaco","Subiaco",""
"https://www.city-data.com/city/Arkansas.html","Sulphur Rock","Sulphur Rock",""
"https://www.city-data.com/city/Arkansas.html","Sulphur Springs, AR","Sulphur Springs, AR",""
"https://www.city-data.com/city/Arkansas.html","Summit, AR","Summit, AR",""
"https://www.city-data.com/city/Arkansas.html","Sweet Home, AR","Sweet Home, AR",""
"https://www.city-data.com/city/Arkansas.html","Swifton","Swifton",""
"https://www.city-data.com/city/Arkansas.html","Taylor, AR","Taylor, AR",""
"https://www.city-data.com/city/Arkansas.html","Texarkana, AR","Texarkana, AR","https://www.city-data.com/city/Texarkana-Arkansas.html"
"https://www.city-data.com/city/Arkansas.html","Thornton, AR","Thornton, AR",""
"https://www.city-data.com/city/Arkansas.html","Tillar","Tillar",""
"https://www.city-data.com/city/Arkansas.html","Tollette","Tollette",""
"https://www.city-data.com/city/Arkansas.html","Tontitown","Tontitown",""
"https://www.city-data.com/city/Arkansas.html","Traskwood","Traskwood",""
"https://www.city-data.com/city/Arkansas.html","Trumann","Trumann","https://www.city-data.com/city/Trumann-Arkansas.html"
"https://www.city-data.com/city/Arkansas.html","Tuckerman","Tuckerman",""
"https://www.city-data.com/city/Arkansas.html","Tull","Tull",""
"https://www.city-data.com/city/Arkansas.html","Tumbling Shoals","Tumbling Shoals",""
"https://www.city-data.com/city/Arkansas.html","Turrell","Turrell",""
"https://www.city-data.com/city/Arkansas.html","Twin Groves","Twin Groves",""
"https://www.city-data.com/city/Arkansas.html","Tyronza","Tyronza",""
"https://www.city-data.com/city/Arkansas.html","Van Buren, AR","Van Buren, AR","https://www.city-data.com/city/Van-Buren-Arkansas.html"
"https://www.city-data.com/city/Arkansas.html","Vilonia","Vilonia",""
"https://www.city-data.com/city/Arkansas.html","Viola, AR","Viola, AR",""
"https://www.city-data.com/city/Arkansas.html","Wabbaseka","Wabbaseka",""
"https://www.city-data.com/city/Arkansas.html","Waldo, AR","Waldo, AR",""
"https://www.city-data.com/city/Arkansas.html","Waldron, AR","Waldron, AR",""
"https://www.city-data.com/city/Arkansas.html","Walnut Ridge","Walnut Ridge",""
"https://www.city-data.com/city/Arkansas.html","Ward, AR","Ward, AR",""
"https://www.city-data.com/city/Arkansas.html","Warren, AR","Warren, AR",""
"https://www.city-data.com/city/Arkansas.html","Weiner","Weiner",""
"https://www.city-data.com/city/Arkansas.html","West Crossett","West Crossett",""
"https://www.city-data.com/city/Arkansas.html","West Fork","West Fork",""
"https://www.city-data.com/city/Arkansas.html","West Helena","West Helena","https://www.city-data.com/city/West-Helena-Arkansas.html"
"https://www.city-data.com/city/Arkansas.html","West Memphis","West Memphis","https://www.city-data.com/city/West-Memphis-Arkansas.html"
"https://www.city-data.com/city/Arkansas.html","Western Grove","Western Grove",""
"https://www.city-data.com/city/Arkansas.html","Wheatley","Wheatley",""
"https://www.city-data.com/city/Arkansas.html","White Hall, AR","White Hall, AR",""
"https://www.city-data.com/city/Arkansas.html","Wickes","Wickes",""
"https://www.city-data.com/city/Arkansas.html","Widener","Widener",""
"https://www.city-data.com/city/Arkansas.html","Wilmar","Wilmar",""
"https://www.city-data.com/city/Arkansas.html","Wilmot, AR","Wilmot, AR",""
"https://www.city-data.com/city/Arkansas.html","Wilson, AR","Wilson, AR",""
"https://www.city-data.com/city/Arkansas.html","Wilton, AR","Wilton, AR",""
"https://www.city-data.com/city/Arkansas.html","Winslow, AR","Winslow, AR",""
"https://www.city-data.com/city/Arkansas.html","Woodlawn, AR","Woodlawn, AR",""
"https://www.city-data.com/city/Arkansas.html","Woodson, AR","Woodson, AR",""
"https://www.city-data.com/city/Arkansas.html","Wooster, AR","Wooster, AR",""
"https://www.city-data.com/city/Arkansas.html","Wrightsville, AR","Wrightsville, AR",""
"https://www.city-data.com/city/Arkansas.html","Wynne","Wynne","https://www.city-data.com/city/Wynne-Arkansas.html"
"https://www.city-data.com/city/Arkansas.html","Yarborough Landing","Yarborough Landing",""
"https://www.city-data.com/city/Arkansas.html","Yellville","Yellville",""
