"url","Name","Name_link"
"https://www.city-data.com/city/Michigan.html","Addison, MI",""
"https://www.city-data.com/city/Michigan.html","Adrian, MI","https://www.city-data.com/city/Adrian-Michigan.html"
"https://www.city-data.com/city/Michigan.html","Advance, MI",""
"https://www.city-data.com/city/Michigan.html","Akron, MI",""
"https://www.city-data.com/city/Michigan.html","Alanson",""
"https://www.city-data.com/city/Michigan.html","Alba, MI",""
"https://www.city-data.com/city/Michigan.html","Albion, MI","https://www.city-data.com/city/Albion-Michigan.html"
"https://www.city-data.com/city/Michigan.html","Algonac",""
"https://www.city-data.com/city/Michigan.html","Allegan",""
"https://www.city-data.com/city/Michigan.html","Allen Park","https://www.city-data.com/city/Allen-Park-Michigan.html"
"https://www.city-data.com/city/Michigan.html","Allendale, MI","https://www.city-data.com/city/Allendale-Michigan.html"
"https://www.city-data.com/city/Michigan.html","Alma, MI","https://www.city-data.com/city/Alma-Michigan.html"
"https://www.city-data.com/city/Michigan.html","Almont, MI",""
"https://www.city-data.com/city/Michigan.html","Alpena, MI","https://www.city-data.com/city/Alpena-Michigan.html"
"https://www.city-data.com/city/Michigan.html","Amasa",""
"https://www.city-data.com/city/Michigan.html","Ann Arbor, MI","https://www.city-data.com/city/Ann-Arbor-Michigan.html"
"https://www.city-data.com/city/Michigan.html","Applegate",""
"https://www.city-data.com/city/Michigan.html","Arcadia, MI",""
"https://www.city-data.com/city/Michigan.html","Argentine",""
"https://www.city-data.com/city/Michigan.html","Armada",""
"https://www.city-data.com/city/Michigan.html","Ashley, MI",""
"https://www.city-data.com/city/Michigan.html","Athens, MI",""
"https://www.city-data.com/city/Michigan.html","Atlanta, MI",""
"https://www.city-data.com/city/Michigan.html","Attica, MI",""
"https://www.city-data.com/city/Michigan.html","Au Gres",""
"https://www.city-data.com/city/Michigan.html","Au Sable, MI",""
"https://www.city-data.com/city/Michigan.html","Auburn Hills","https://www.city-data.com/city/Auburn-Hills-Michigan.html"
"https://www.city-data.com/city/Michigan.html","Auburn, MI",""
"https://www.city-data.com/city/Michigan.html","Augusta, MI",""
"https://www.city-data.com/city/Michigan.html","Bad Axe",""
"https://www.city-data.com/city/Michigan.html","Baldwin, MI",""
"https://www.city-data.com/city/Michigan.html","Bancroft, MI",""
"https://www.city-data.com/city/Michigan.html","Bangor, MI",""
"https://www.city-data.com/city/Michigan.html","Baraga",""
"https://www.city-data.com/city/Michigan.html","Barnes Lake-Millers Lake",""
"https://www.city-data.com/city/Michigan.html","Baroda",""
"https://www.city-data.com/city/Michigan.html","Barryton",""
"https://www.city-data.com/city/Michigan.html","Barton Hills",""
"https://www.city-data.com/city/Michigan.html","Bath, MI",""
"https://www.city-data.com/city/Michigan.html","Battle Creek, MI","https://www.city-data.com/city/Battle-Creek-Michigan.html"
"https://www.city-data.com/city/Michigan.html","Bay City, MI","https://www.city-data.com/city/Bay-City-Michigan.html"
"https://www.city-data.com/city/Michigan.html","Bay Port",""
"https://www.city-data.com/city/Michigan.html","Bay Shore, MI",""
"https://www.city-data.com/city/Michigan.html","Beal City",""
"https://www.city-data.com/city/Michigan.html","Bear Lake, MI",""
"https://www.city-data.com/city/Michigan.html","Beaverton, MI",""
"https://www.city-data.com/city/Michigan.html","Beecher, MI","https://www.city-data.com/city/Beecher-Michigan.html"
"https://www.city-data.com/city/Michigan.html","Beechwood, MI",""
"https://www.city-data.com/city/Michigan.html","Belding",""
"https://www.city-data.com/city/Michigan.html","Bellaire, MI",""
"https://www.city-data.com/city/Michigan.html","Belleville, MI",""
"https://www.city-data.com/city/Michigan.html","Bellevue, MI",""
"https://www.city-data.com/city/Michigan.html","Bendon",""
"https://www.city-data.com/city/Michigan.html","Benton Harbor","https://www.city-data.com/city/Benton-Harbor-Michigan.html"
"https://www.city-data.com/city/Michigan.html","Benton Heights",""
"https://www.city-data.com/city/Michigan.html","Benzonia",""
"https://www.city-data.com/city/Michigan.html","Berkley, MI","https://www.city-data.com/city/Berkley-Michigan.html"
"https://www.city-data.com/city/Michigan.html","Berrien Springs",""
"https://www.city-data.com/city/Michigan.html","Bessemer, MI",""
"https://www.city-data.com/city/Michigan.html","Beulah, MI",""
"https://www.city-data.com/city/Michigan.html","Beverly Hills, MI","https://www.city-data.com/city/Beverly-Hills-Michigan.html"
"https://www.city-data.com/city/Michigan.html","Big Bay",""
"https://www.city-data.com/city/Michigan.html","Big Rapids","https://www.city-data.com/city/Big-Rapids-Michigan.html"
"https://www.city-data.com/city/Michigan.html","Bingham Farms",""
"https://www.city-data.com/city/Michigan.html","Birch Run",""
"https://www.city-data.com/city/Michigan.html","Birmingham, MI","https://www.city-data.com/city/Birmingham-Michigan.html"
"https://www.city-data.com/city/Michigan.html","Blissfield",""
"https://www.city-data.com/city/Michigan.html","Bloomfield Hills",""
"https://www.city-data.com/city/Michigan.html","Bloomfield Township","https://www.city-data.com/city/Bloomfield-Township-Michigan.html"
"https://www.city-data.com/city/Michigan.html","Bloomingdale, MI",""
"https://www.city-data.com/city/Michigan.html","Boyne City",""
"https://www.city-data.com/city/Michigan.html","Boyne Falls",""
"https://www.city-data.com/city/Michigan.html","Breckenridge, MI",""
"https://www.city-data.com/city/Michigan.html","Brethren",""
"https://www.city-data.com/city/Michigan.html","Bridgeport, MI","https://www.city-data.com/city/Bridgeport-Michigan.html"
"https://www.city-data.com/city/Michigan.html","Bridgman",""
"https://www.city-data.com/city/Michigan.html","Brighton, MI","https://www.city-data.com/city/Brighton-Michigan.html"
"https://www.city-data.com/city/Michigan.html","Britton, MI",""
"https://www.city-data.com/city/Michigan.html","Bronson, MI",""
"https://www.city-data.com/city/Michigan.html","Brooklyn, MI",""
"https://www.city-data.com/city/Michigan.html","Brown City",""
"https://www.city-data.com/city/Michigan.html","Brownlee Park",""
"https://www.city-data.com/city/Michigan.html","Brutus, MI",""
"https://www.city-data.com/city/Michigan.html","Buchanan, MI",""
"https://www.city-data.com/city/Michigan.html","Buckley, MI",""
"https://www.city-data.com/city/Michigan.html","Buena Vista, MI","https://www.city-data.com/city/Buena-Vista-Michigan.html"
"https://www.city-data.com/city/Michigan.html","Burlington, MI",""
"https://www.city-data.com/city/Michigan.html","Burr Oak, MI",""
"https://www.city-data.com/city/Michigan.html","Burton, MI","https://www.city-data.com/city/Burton-Michigan.html"
"https://www.city-data.com/city/Michigan.html","Burt, MI",""
"https://www.city-data.com/city/Michigan.html","Byron Center",""
"https://www.city-data.com/city/Michigan.html","Byron, MI",""
"https://www.city-data.com/city/Michigan.html","Cadillac","https://www.city-data.com/city/Cadillac-Michigan.html"
"https://www.city-data.com/city/Michigan.html","Caledonia, MI",""
"https://www.city-data.com/city/Michigan.html","Calumet, MI",""
"https://www.city-data.com/city/Michigan.html","Camden, MI",""
"https://www.city-data.com/city/Michigan.html","Canada Creek Ranch",""
"https://www.city-data.com/city/Michigan.html","Canadian Lakes",""
"https://www.city-data.com/city/Michigan.html","Canton, MI","https://www.city-data.com/city/Canton-Michigan.html"
"https://www.city-data.com/city/Michigan.html","Capac",""
"https://www.city-data.com/city/Michigan.html","Carleton, MI",""
"https://www.city-data.com/city/Michigan.html","Caro",""
"https://www.city-data.com/city/Michigan.html","Carp Lake",""
"https://www.city-data.com/city/Michigan.html","Carrollton, MI","https://www.city-data.com/city/Carrollton-Michigan.html"
"https://www.city-data.com/city/Michigan.html","Carson City, MI",""
"https://www.city-data.com/city/Michigan.html","Carsonville",""
"https://www.city-data.com/city/Michigan.html","Caseville",""
"https://www.city-data.com/city/Michigan.html","Casnovia",""
"https://www.city-data.com/city/Michigan.html","Caspian",""
"https://www.city-data.com/city/Michigan.html","Cass City",""
"https://www.city-data.com/city/Michigan.html","Cassopolis",""
"https://www.city-data.com/city/Michigan.html","Cedar Springs, MI",""
"https://www.city-data.com/city/Michigan.html","Cement City",""
"https://www.city-data.com/city/Michigan.html","Center Line","https://www.city-data.com/city/Center-Line-Michigan.html"
"https://www.city-data.com/city/Michigan.html","Central Lake",""
"https://www.city-data.com/city/Michigan.html","Centreville, MI",""
"https://www.city-data.com/city/Michigan.html","Charlevoix",""
"https://www.city-data.com/city/Michigan.html","Charlotte, MI","https://www.city-data.com/city/Charlotte-Michigan.html"
"https://www.city-data.com/city/Michigan.html","Chatham, MI",""
"https://www.city-data.com/city/Michigan.html","Cheboygan",""
"https://www.city-data.com/city/Michigan.html","Chelsea, MI",""
"https://www.city-data.com/city/Michigan.html","Chesaning",""
"https://www.city-data.com/city/Michigan.html","Chums Corner",""
"https://www.city-data.com/city/Michigan.html","Clare, MI",""
"https://www.city-data.com/city/Michigan.html","Clarksville, MI",""
"https://www.city-data.com/city/Michigan.html","Clawson, MI","https://www.city-data.com/city/Clawson-Michigan.html"
"https://www.city-data.com/city/Michigan.html","Clayton, MI",""
"https://www.city-data.com/city/Michigan.html","Clifford, MI",""
"https://www.city-data.com/city/Michigan.html","Climax, MI",""
"https://www.city-data.com/city/Michigan.html","Clinton, MI",""
"https://www.city-data.com/city/Michigan.html","Clio, MI",""
"https://www.city-data.com/city/Michigan.html","Coldwater, MI","https://www.city-data.com/city/Coldwater-Michigan.html"
"https://www.city-data.com/city/Michigan.html","Coleman, MI",""
"https://www.city-data.com/city/Michigan.html","Coloma, MI",""
"https://www.city-data.com/city/Michigan.html","Colon, MI",""
"https://www.city-data.com/city/Michigan.html","Columbiaville",""
"https://www.city-data.com/city/Michigan.html","Comstock Northwest",""
"https://www.city-data.com/city/Michigan.html","Comstock Park","https://www.city-data.com/city/Comstock-Park-Michigan.html"
"https://www.city-data.com/city/Michigan.html","Concord, MI",""
"https://www.city-data.com/city/Michigan.html","Constantine",""
"https://www.city-data.com/city/Michigan.html","Conway, MI",""
"https://www.city-data.com/city/Michigan.html","Coopersville, MI",""
"https://www.city-data.com/city/Michigan.html","Corunna, MI",""
"https://www.city-data.com/city/Michigan.html","Croswell",""
"https://www.city-data.com/city/Michigan.html","Crystal Falls",""
"https://www.city-data.com/city/Michigan.html","Custer, MI",""
"https://www.city-data.com/city/Michigan.html","Cutlerville","https://www.city-data.com/city/Cutlerville-Michigan.html"
"https://www.city-data.com/city/Michigan.html","Daggett",""
"https://www.city-data.com/city/Michigan.html","Dansville, MI",""
"https://www.city-data.com/city/Michigan.html","Davison",""
"https://www.city-data.com/city/Michigan.html","De Tour Village",""
"https://www.city-data.com/city/Michigan.html","De Witt, MI",""
"https://www.city-data.com/city/Michigan.html","Dearborn Heights","https://www.city-data.com/city/Dearborn-Heights-Michigan.html"
"https://www.city-data.com/city/Michigan.html","Dearborn, MI","https://www.city-data.com/city/Dearborn-Michigan.html"
"https://www.city-data.com/city/Michigan.html","Decatur, MI",""
"https://www.city-data.com/city/Michigan.html","Deckerville",""
"https://www.city-data.com/city/Michigan.html","Deerfield, MI",""
"https://www.city-data.com/city/Michigan.html","Delton, MI",""
"https://www.city-data.com/city/Michigan.html","Detroit Beach",""
"https://www.city-data.com/city/Michigan.html","Detroit, MI","https://www.city-data.com/city/Detroit-Michigan.html"
"https://www.city-data.com/city/Michigan.html","Dexter, MI",""
"https://www.city-data.com/city/Michigan.html","Dimondale",""
"https://www.city-data.com/city/Michigan.html","Dollar Bay",""
"https://www.city-data.com/city/Michigan.html","Douglas, MI",""
"https://www.city-data.com/city/Michigan.html","Dowagiac",""
"https://www.city-data.com/city/Michigan.html","Dowling",""
"https://www.city-data.com/city/Michigan.html","Dryden, MI",""
"https://www.city-data.com/city/Michigan.html","Dundee, MI",""
"https://www.city-data.com/city/Michigan.html","Durand, MI",""
"https://www.city-data.com/city/Michigan.html","East Grand Rapids","https://www.city-data.com/city/East-Grand-Rapids-Michigan.html"
"https://www.city-data.com/city/Michigan.html","East Jordan",""
"https://www.city-data.com/city/Michigan.html","East Lansing","https://www.city-data.com/city/East-Lansing-Michigan.html"
"https://www.city-data.com/city/Michigan.html","East Tawas",""
"https://www.city-data.com/city/Michigan.html","Eastlake, MI",""
"https://www.city-data.com/city/Michigan.html","Eastpointe","https://www.city-data.com/city/Eastpointe-Michigan.html"
"https://www.city-data.com/city/Michigan.html","Eastport, MI",""
"https://www.city-data.com/city/Michigan.html","Eastwood, MI","https://www.city-data.com/city/Eastwood-Michigan.html"
"https://www.city-data.com/city/Michigan.html","Eaton Rapids",""
"https://www.city-data.com/city/Michigan.html","Eau Claire, MI",""
"https://www.city-data.com/city/Michigan.html","Ecorse","https://www.city-data.com/city/Ecorse-Michigan.html"
"https://www.city-data.com/city/Michigan.html","Edgemont Park",""
"https://www.city-data.com/city/Michigan.html","Edmore, MI",""
"https://www.city-data.com/city/Michigan.html","Edwardsburg",""
"https://www.city-data.com/city/Michigan.html","Elberta, MI",""
"https://www.city-data.com/city/Michigan.html","Elk Rapids",""
"https://www.city-data.com/city/Michigan.html","Elkton, MI",""
"https://www.city-data.com/city/Michigan.html","Ellsworth, MI",""
"https://www.city-data.com/city/Michigan.html","Elsie, MI",""
"https://www.city-data.com/city/Michigan.html","Emmett, MI",""
"https://www.city-data.com/city/Michigan.html","Empire, MI",""
"https://www.city-data.com/city/Michigan.html","Escanaba","https://www.city-data.com/city/Escanaba-Michigan.html"
"https://www.city-data.com/city/Michigan.html","Essexville",""
"https://www.city-data.com/city/Michigan.html","Estral Beach",""
"https://www.city-data.com/city/Michigan.html","Evart",""
"https://www.city-data.com/city/Michigan.html","Fair Plain","https://www.city-data.com/city/Fair-Plain-Michigan.html"
"https://www.city-data.com/city/Michigan.html","Fairgrove",""
"https://www.city-data.com/city/Michigan.html","Farmington Hills","https://www.city-data.com/city/Farmington-Hills-Michigan.html"
"https://www.city-data.com/city/Michigan.html","Farmington, MI","https://www.city-data.com/city/Farmington-Michigan.html"
"https://www.city-data.com/city/Michigan.html","Farwell, MI",""
"https://www.city-data.com/city/Michigan.html","Fennville",""
"https://www.city-data.com/city/Michigan.html","Fenton, MI","https://www.city-data.com/city/Fenton-Michigan.html"
"https://www.city-data.com/city/Michigan.html","Ferndale, MI","https://www.city-data.com/city/Ferndale-Michigan.html"
"https://www.city-data.com/city/Michigan.html","Ferrysburg",""
"https://www.city-data.com/city/Michigan.html","Fife Lake",""
"https://www.city-data.com/city/Michigan.html","Flat Rock, MI","https://www.city-data.com/city/Flat-Rock-Michigan.html"
"https://www.city-data.com/city/Michigan.html","Flint","https://www.city-data.com/city/Flint-Michigan.html"
"https://www.city-data.com/city/Michigan.html","Flushing, MI","https://www.city-data.com/city/Flushing-Michigan.html"
"https://www.city-data.com/city/Michigan.html","Forest Hills, MI","https://www.city-data.com/city/Forest-Hills-Michigan.html"
"https://www.city-data.com/city/Michigan.html","Fostoria, MI",""
"https://www.city-data.com/city/Michigan.html","Fowlerville, MI",""
"https://www.city-data.com/city/Michigan.html","Fowler, MI",""
"https://www.city-data.com/city/Michigan.html","Frankenmuth",""
"https://www.city-data.com/city/Michigan.html","Frankfort, MI",""
"https://www.city-data.com/city/Michigan.html","Franklin, MI",""
"https://www.city-data.com/city/Michigan.html","Fraser, MI","https://www.city-data.com/city/Fraser-Michigan.html"
"https://www.city-data.com/city/Michigan.html","Freeland, MI","https://www.city-data.com/city/Freeland-Michigan.html"
"https://www.city-data.com/city/Michigan.html","Freeport, MI",""
"https://www.city-data.com/city/Michigan.html","Fremont, MI",""
"https://www.city-data.com/city/Michigan.html","Fruitport",""
"https://www.city-data.com/city/Michigan.html","Gaastra",""
"https://www.city-data.com/city/Michigan.html","Gagetown",""
"https://www.city-data.com/city/Michigan.html","Gaines, MI",""
"https://www.city-data.com/city/Michigan.html","Galesburg, MI",""
"https://www.city-data.com/city/Michigan.html","Galien",""
"https://www.city-data.com/city/Michigan.html","Garden City, MI","https://www.city-data.com/city/Garden-City-Michigan.html"
"https://www.city-data.com/city/Michigan.html","Garden, MI",""
"https://www.city-data.com/city/Michigan.html","Gaylord, MI",""
"https://www.city-data.com/city/Michigan.html","Gibraltar, MI",""
"https://www.city-data.com/city/Michigan.html","Gladstone, MI",""
"https://www.city-data.com/city/Michigan.html","Gladwin",""
"https://www.city-data.com/city/Michigan.html","Glen Arbor",""
"https://www.city-data.com/city/Michigan.html","Gobles",""
"https://www.city-data.com/city/Michigan.html","Goodrich, MI",""
"https://www.city-data.com/city/Michigan.html","Grand Beach",""
"https://www.city-data.com/city/Michigan.html","Grand Blanc","https://www.city-data.com/city/Grand-Blanc-Michigan.html"
"https://www.city-data.com/city/Michigan.html","Grand Haven","https://www.city-data.com/city/Grand-Haven-Michigan.html"
"https://www.city-data.com/city/Michigan.html","Grand Ledge","https://www.city-data.com/city/Grand-Ledge-Michigan.html"
"https://www.city-data.com/city/Michigan.html","Grand Rapids, MI","https://www.city-data.com/city/Grand-Rapids-Michigan.html"
"https://www.city-data.com/city/Michigan.html","Grandville","https://www.city-data.com/city/Grandville-Michigan.html"
"https://www.city-data.com/city/Michigan.html","Grant, MI",""
"https://www.city-data.com/city/Michigan.html","Grass Lake",""
"https://www.city-data.com/city/Michigan.html","Grawn",""
"https://www.city-data.com/city/Michigan.html","Grayling, MI",""
"https://www.city-data.com/city/Michigan.html","Greater Galesburg",""
"https://www.city-data.com/city/Michigan.html","Greenville, MI","https://www.city-data.com/city/Greenville-Michigan.html"
"https://www.city-data.com/city/Michigan.html","Greilickville",""
"https://www.city-data.com/city/Michigan.html","Grosse Ile","https://www.city-data.com/city/Grosse-Ile-Michigan.html"
"https://www.city-data.com/city/Michigan.html","Grosse Pointe Farms","https://www.city-data.com/city/Grosse-Pointe-Farms-Michigan.html"
"https://www.city-data.com/city/Michigan.html","Grosse Pointe Park","https://www.city-data.com/city/Grosse-Pointe-Park-Michigan.html"
"https://www.city-data.com/city/Michigan.html","Grosse Pointe Shores",""
"https://www.city-data.com/city/Michigan.html","Grosse Pointe Woods","https://www.city-data.com/city/Grosse-Pointe-Woods-Michigan.html"
"https://www.city-data.com/city/Michigan.html","Grosse Pointe",""
"https://www.city-data.com/city/Michigan.html","Gwinn",""
"https://www.city-data.com/city/Michigan.html","Hamtramck","https://www.city-data.com/city/Hamtramck-Michigan.html"
"https://www.city-data.com/city/Michigan.html","Hancock, MI",""
"https://www.city-data.com/city/Michigan.html","Hanover, MI",""
"https://www.city-data.com/city/Michigan.html","Harbor Beach",""
"https://www.city-data.com/city/Michigan.html","Harbor Springs",""
"https://www.city-data.com/city/Michigan.html","Hardwood Acres",""
"https://www.city-data.com/city/Michigan.html","Haring",""
"https://www.city-data.com/city/Michigan.html","Harper Woods","https://www.city-data.com/city/Harper-Woods-Michigan.html"
"https://www.city-data.com/city/Michigan.html","Harrison, MI",""
"https://www.city-data.com/city/Michigan.html","Harrisville, MI",""
"https://www.city-data.com/city/Michigan.html","Hartford, MI",""
"https://www.city-data.com/city/Michigan.html","Hart, MI",""
"https://www.city-data.com/city/Michigan.html","Harvey, MI",""
"https://www.city-data.com/city/Michigan.html","Haslett","https://www.city-data.com/city/Haslett-Michigan.html"
"https://www.city-data.com/city/Michigan.html","Hastings, MI","https://www.city-data.com/city/Hastings-Michigan.html"
"https://www.city-data.com/city/Michigan.html","Hazel Park","https://www.city-data.com/city/Hazel-Park-Michigan.html"
"https://www.city-data.com/city/Michigan.html","Hemlock, MI",""
"https://www.city-data.com/city/Michigan.html","Henderson, MI",""
"https://www.city-data.com/city/Michigan.html","Hersey, MI",""
"https://www.city-data.com/city/Michigan.html","Hesperia, MI",""
"https://www.city-data.com/city/Michigan.html","Hickory Corners",""
"https://www.city-data.com/city/Michigan.html","Highland Park, MI","https://www.city-data.com/city/Highland-Park-Michigan.html"
"https://www.city-data.com/city/Michigan.html","Hillman, MI",""
"https://www.city-data.com/city/Michigan.html","Hillsdale, MI","https://www.city-data.com/city/Hillsdale-Michigan.html"
"https://www.city-data.com/city/Michigan.html","Holland, MI","https://www.city-data.com/city/Holland-Michigan.html"
"https://www.city-data.com/city/Michigan.html","Holly, MI","https://www.city-data.com/city/Holly-Michigan.html"
"https://www.city-data.com/city/Michigan.html","Holt, MI","https://www.city-data.com/city/Holt-Michigan.html"
"https://www.city-data.com/city/Michigan.html","Homer, MI",""
"https://www.city-data.com/city/Michigan.html","Honor",""
"https://www.city-data.com/city/Michigan.html","Hopkins, MI",""
"https://www.city-data.com/city/Michigan.html","Horton Bay",""
"https://www.city-data.com/city/Michigan.html","Houghton Lake",""
"https://www.city-data.com/city/Michigan.html","Houghton, MI","https://www.city-data.com/city/Houghton-Michigan.html"
"https://www.city-data.com/city/Michigan.html","Howard City, MI",""
"https://www.city-data.com/city/Michigan.html","Howell, MI","https://www.city-data.com/city/Howell-Michigan.html"
"https://www.city-data.com/city/Michigan.html","Hubbard Lake",""
"https://www.city-data.com/city/Michigan.html","Hubbardston, MI",""
"https://www.city-data.com/city/Michigan.html","Hubbell, MI",""
"https://www.city-data.com/city/Michigan.html","Hudsonville","https://www.city-data.com/city/Hudsonville-Michigan.html"
"https://www.city-data.com/city/Michigan.html","Hudson, MI",""
"https://www.city-data.com/city/Michigan.html","Huntington Woods","https://www.city-data.com/city/Huntington-Woods-Michigan.html"
"https://www.city-data.com/city/Michigan.html","Imlay City",""
"https://www.city-data.com/city/Michigan.html","Indian River",""
"https://www.city-data.com/city/Michigan.html","Inkster, MI","https://www.city-data.com/city/Inkster-Michigan.html"
"https://www.city-data.com/city/Michigan.html","Interlochen",""
"https://www.city-data.com/city/Michigan.html","Ionia, MI","https://www.city-data.com/city/Ionia-Michigan.html"
"https://www.city-data.com/city/Michigan.html","Iron Mountain","https://www.city-data.com/city/Iron-Mountain-Michigan.html"
"https://www.city-data.com/city/Michigan.html","Iron River, MI",""
"https://www.city-data.com/city/Michigan.html","Ironwood",""
"https://www.city-data.com/city/Michigan.html","Ishpeming","https://www.city-data.com/city/Ishpeming-Michigan.html"
"https://www.city-data.com/city/Michigan.html","Ithaca, MI",""
"https://www.city-data.com/city/Michigan.html","Jackson, MI","https://www.city-data.com/city/Jackson-Michigan.html"
"https://www.city-data.com/city/Michigan.html","Jasper, MI",""
"https://www.city-data.com/city/Michigan.html","Jenison","https://www.city-data.com/city/Jenison-Michigan.html"
"https://www.city-data.com/city/Michigan.html","Jennings, MI",""
"https://www.city-data.com/city/Michigan.html","Jonesville, MI",""
"https://www.city-data.com/city/Michigan.html","K. I. Sawyer AFB",""
"https://www.city-data.com/city/Michigan.html","K. I. Sawyer",""
"https://www.city-data.com/city/Michigan.html","Kalamazoo","https://www.city-data.com/city/Kalamazoo-Michigan.html"
"https://www.city-data.com/city/Michigan.html","Kaleva",""
"https://www.city-data.com/city/Michigan.html","Kalkaska",""
"https://www.city-data.com/city/Michigan.html","Keego Harbor",""
"https://www.city-data.com/city/Michigan.html","Kent City",""
"https://www.city-data.com/city/Michigan.html","Kentwood, MI","https://www.city-data.com/city/Kentwood-Michigan.html"
"https://www.city-data.com/city/Michigan.html","Kinde",""
"https://www.city-data.com/city/Michigan.html","Kingsford",""
"https://www.city-data.com/city/Michigan.html","Kingsley, MI",""
"https://www.city-data.com/city/Michigan.html","Kingston, MI",""
"https://www.city-data.com/city/Michigan.html","L'Anse",""
"https://www.city-data.com/city/Michigan.html","Laingsburg",""
"https://www.city-data.com/city/Michigan.html","Lake Angelus",""
"https://www.city-data.com/city/Michigan.html","Lake Ann",""
"https://www.city-data.com/city/Michigan.html","Lake City, MI",""
"https://www.city-data.com/city/Michigan.html","Lake Fenton",""
"https://www.city-data.com/city/Michigan.html","Lake Isabella, MI",""
"https://www.city-data.com/city/Michigan.html","Lake Leelanau",""
"https://www.city-data.com/city/Michigan.html","Lake Linden",""
"https://www.city-data.com/city/Michigan.html","Lake Michigan Beach",""
"https://www.city-data.com/city/Michigan.html","Lake Odessa",""
"https://www.city-data.com/city/Michigan.html","Lake Orion",""
"https://www.city-data.com/city/Michigan.html","Lake Victoria",""
"https://www.city-data.com/city/Michigan.html","Lakes of the North",""
"https://www.city-data.com/city/Michigan.html","Lakeview, MI",""
"https://www.city-data.com/city/Michigan.html","Lakewood Club",""
"https://www.city-data.com/city/Michigan.html","Lambertville, MI","https://www.city-data.com/city/Lambertville-Michigan.html"
"https://www.city-data.com/city/Michigan.html","Lansing, MI","https://www.city-data.com/city/Lansing-Michigan.html"
"https://www.city-data.com/city/Michigan.html","Lapeer, MI","https://www.city-data.com/city/Lapeer-Michigan.html"
"https://www.city-data.com/city/Michigan.html","Lathrup Village",""
"https://www.city-data.com/city/Michigan.html","Laurium",""
"https://www.city-data.com/city/Michigan.html","Lawrence, MI",""
"https://www.city-data.com/city/Michigan.html","Lawton, MI",""
"https://www.city-data.com/city/Michigan.html","Le Roy, MI",""
"https://www.city-data.com/city/Michigan.html","Leland, MI",""
"https://www.city-data.com/city/Michigan.html","Lennon",""
"https://www.city-data.com/city/Michigan.html","Leonard, MI",""
"https://www.city-data.com/city/Michigan.html","Leslie, MI",""
"https://www.city-data.com/city/Michigan.html","Level Park-Oak Park",""
"https://www.city-data.com/city/Michigan.html","Levering",""
"https://www.city-data.com/city/Michigan.html","Lewiston, MI",""
"https://www.city-data.com/city/Michigan.html","Lexington, MI",""
"https://www.city-data.com/city/Michigan.html","Lincoln Park, MI","https://www.city-data.com/city/Lincoln-Park-Michigan.html"
"https://www.city-data.com/city/Michigan.html","Lincoln, MI",""
"https://www.city-data.com/city/Michigan.html","Linden, MI",""
"https://www.city-data.com/city/Michigan.html","Litchfield, MI",""
"https://www.city-data.com/city/Michigan.html","Livonia, MI","https://www.city-data.com/city/Livonia-Michigan.html"
"https://www.city-data.com/city/Michigan.html","Loomis, MI",""
"https://www.city-data.com/city/Michigan.html","Lost Lake Woods",""
"https://www.city-data.com/city/Michigan.html","Lowell, MI",""
"https://www.city-data.com/city/Michigan.html","Ludington, MI","https://www.city-data.com/city/Ludington-Michigan.html"
"https://www.city-data.com/city/Michigan.html","Luna Pier",""
"https://www.city-data.com/city/Michigan.html","Lupton, MI",""
"https://www.city-data.com/city/Michigan.html","Luther, MI",""
"https://www.city-data.com/city/Michigan.html","Lyons, MI",""
"https://www.city-data.com/city/Michigan.html","Mackinac Island",""
"https://www.city-data.com/city/Michigan.html","Mackinaw City",""
"https://www.city-data.com/city/Michigan.html","Madison Heights, MI","https://www.city-data.com/city/Madison-Heights-Michigan.html"
"https://www.city-data.com/city/Michigan.html","Mancelona",""
"https://www.city-data.com/city/Michigan.html","Manchester, MI",""
"https://www.city-data.com/city/Michigan.html","Manistee Lake",""
"https://www.city-data.com/city/Michigan.html","Manistee","https://www.city-data.com/city/Manistee-Michigan.html"
"https://www.city-data.com/city/Michigan.html","Manistique",""
"https://www.city-data.com/city/Michigan.html","Manitou Beach-Devils Lake",""
"https://www.city-data.com/city/Michigan.html","Manton, MI",""
"https://www.city-data.com/city/Michigan.html","Maple City",""
"https://www.city-data.com/city/Michigan.html","Maple Rapids",""
"https://www.city-data.com/city/Michigan.html","Marcellus, MI",""
"https://www.city-data.com/city/Michigan.html","Marenisco",""
"https://www.city-data.com/city/Michigan.html","Marine City",""
"https://www.city-data.com/city/Michigan.html","Marion, MI",""
"https://www.city-data.com/city/Michigan.html","Marlette",""
"https://www.city-data.com/city/Michigan.html","Marquette, MI","https://www.city-data.com/city/Marquette-Michigan.html"
"https://www.city-data.com/city/Michigan.html","Marshall, MI","https://www.city-data.com/city/Marshall-Michigan.html"
"https://www.city-data.com/city/Michigan.html","Martin, MI",""
"https://www.city-data.com/city/Michigan.html","Marysville, MI","https://www.city-data.com/city/Marysville-Michigan.html"
"https://www.city-data.com/city/Michigan.html","Mason, MI","https://www.city-data.com/city/Mason-Michigan.html"
"https://www.city-data.com/city/Michigan.html","Mattawan",""
"https://www.city-data.com/city/Michigan.html","Maybee",""
"https://www.city-data.com/city/Michigan.html","Mayville, MI",""
"https://www.city-data.com/city/Michigan.html","McBain",""
"https://www.city-data.com/city/Michigan.html","McBride",""
"https://www.city-data.com/city/Michigan.html","Mecosta",""
"https://www.city-data.com/city/Michigan.html","Melvindale","https://www.city-data.com/city/Melvindale-Michigan.html"
"https://www.city-data.com/city/Michigan.html","Memphis, MI",""
"https://www.city-data.com/city/Michigan.html","Mendon, MI",""
"https://www.city-data.com/city/Michigan.html","Menominee, MI","https://www.city-data.com/city/Menominee-Michigan.html"
"https://www.city-data.com/city/Michigan.html","Merrill, MI",""
"https://www.city-data.com/city/Michigan.html","Mesick",""
"https://www.city-data.com/city/Michigan.html","Metamora, MI",""
"https://www.city-data.com/city/Michigan.html","Michigamme",""
"https://www.city-data.com/city/Michigan.html","Michigan Center",""
"https://www.city-data.com/city/Michigan.html","Middletown, MI",""
"https://www.city-data.com/city/Michigan.html","Middleville, MI",""
"https://www.city-data.com/city/Michigan.html","Midland, MI","https://www.city-data.com/city/Midland-Michigan.html"
"https://www.city-data.com/city/Michigan.html","Milan, MI",""
"https://www.city-data.com/city/Michigan.html","Milford, MI","https://www.city-data.com/city/Milford-Michigan.html"
"https://www.city-data.com/city/Michigan.html","Millersburg, MI",""
"https://www.city-data.com/city/Michigan.html","Millington, MI",""
"https://www.city-data.com/city/Michigan.html","Mio",""
"https://www.city-data.com/city/Michigan.html","Monroe, MI","https://www.city-data.com/city/Monroe-Michigan.html"
"https://www.city-data.com/city/Michigan.html","Montague, MI",""
"https://www.city-data.com/city/Michigan.html","Montgomery, MI",""
"https://www.city-data.com/city/Michigan.html","Montrose, MI",""
"https://www.city-data.com/city/Michigan.html","Morenci, MI",""
"https://www.city-data.com/city/Michigan.html","Morley, MI",""
"https://www.city-data.com/city/Michigan.html","Morrice",""
"https://www.city-data.com/city/Michigan.html","Mount Clemens","https://www.city-data.com/city/Mount-Clemens-Michigan.html"
"https://www.city-data.com/city/Michigan.html","Mount Morris, MI",""
"https://www.city-data.com/city/Michigan.html","Mount Pleasant, MI","https://www.city-data.com/city/Mount-Pleasant-Michigan.html"
"https://www.city-data.com/city/Michigan.html","Muir, MI",""
"https://www.city-data.com/city/Michigan.html","Mulliken",""
"https://www.city-data.com/city/Michigan.html","Munising",""
"https://www.city-data.com/city/Michigan.html","Muskegon Heights","https://www.city-data.com/city/Muskegon-Heights-Michigan.html"
"https://www.city-data.com/city/Michigan.html","Muskegon","https://www.city-data.com/city/Muskegon-Michigan.html"
"https://www.city-data.com/city/Michigan.html","Napoleon, MI",""
"https://www.city-data.com/city/Michigan.html","Nashville, MI",""
"https://www.city-data.com/city/Michigan.html","Negaunee",""
"https://www.city-data.com/city/Michigan.html","New Baltimore, MI","https://www.city-data.com/city/New-Baltimore-Michigan.html"
"https://www.city-data.com/city/Michigan.html","New Buffalo, MI",""
"https://www.city-data.com/city/Michigan.html","New Era",""
"https://www.city-data.com/city/Michigan.html","New Haven, MI",""
"https://www.city-data.com/city/Michigan.html","New Lothrop",""
"https://www.city-data.com/city/Michigan.html","New Troy",""
"https://www.city-data.com/city/Michigan.html","Newaygo",""
"https://www.city-data.com/city/Michigan.html","Newberry, MI",""
"https://www.city-data.com/city/Michigan.html","Niles, MI","https://www.city-data.com/city/Niles-Michigan.html"
"https://www.city-data.com/city/Michigan.html","North Adams, MI",""
"https://www.city-data.com/city/Michigan.html","North Branch, MI",""
"https://www.city-data.com/city/Michigan.html","North Muskegon",""
"https://www.city-data.com/city/Michigan.html","Northport, MI",""
"https://www.city-data.com/city/Michigan.html","Northview","https://www.city-data.com/city/Northview-Michigan.html"
"https://www.city-data.com/city/Michigan.html","Northville, MI","https://www.city-data.com/city/Northville-Michigan.html"
"https://www.city-data.com/city/Michigan.html","Norton Shores","https://www.city-data.com/city/Norton-Shores-Michigan.html"
"https://www.city-data.com/city/Michigan.html","Norway, MI",""
"https://www.city-data.com/city/Michigan.html","Novi","https://www.city-data.com/city/Novi-Michigan.html"
"https://www.city-data.com/city/Michigan.html","Oak Hill, MI",""
"https://www.city-data.com/city/Michigan.html","Oak Park, MI","https://www.city-data.com/city/Oak-Park-Michigan.html"
"https://www.city-data.com/city/Michigan.html","Oakley, MI",""
"https://www.city-data.com/city/Michigan.html","Oden, MI",""
"https://www.city-data.com/city/Michigan.html","Okemos","https://www.city-data.com/city/Okemos-Michigan.html"
"https://www.city-data.com/city/Michigan.html","Olivet, MI",""
"https://www.city-data.com/city/Michigan.html","Omena",""
"https://www.city-data.com/city/Michigan.html","Omer",""
"https://www.city-data.com/city/Michigan.html","Onaway, MI",""
"https://www.city-data.com/city/Michigan.html","Onekama",""
"https://www.city-data.com/city/Michigan.html","Onsted",""
"https://www.city-data.com/city/Michigan.html","Ontonagon",""
"https://www.city-data.com/city/Michigan.html","Orchard Lake Village",""
"https://www.city-data.com/city/Michigan.html","Ortonville, MI",""
"https://www.city-data.com/city/Michigan.html","Oscoda",""
"https://www.city-data.com/city/Michigan.html","Ossineke",""
"https://www.city-data.com/city/Michigan.html","Otisville, MI",""
"https://www.city-data.com/city/Michigan.html","Otsego, MI",""
"https://www.city-data.com/city/Michigan.html","Otter Lake",""
"https://www.city-data.com/city/Michigan.html","Ovid, MI",""
"https://www.city-data.com/city/Michigan.html","Owendale",""
"https://www.city-data.com/city/Michigan.html","Owosso","https://www.city-data.com/city/Owosso-Michigan.html"
"https://www.city-data.com/city/Michigan.html","Oxford, MI",""
"https://www.city-data.com/city/Michigan.html","Palmer, MI",""
"https://www.city-data.com/city/Michigan.html","Parchment",""
"https://www.city-data.com/city/Michigan.html","Parkdale, MI",""
"https://www.city-data.com/city/Michigan.html","Parma, MI",""
"https://www.city-data.com/city/Michigan.html","Paw Paw Lake",""
"https://www.city-data.com/city/Michigan.html","Paw Paw, MI",""
"https://www.city-data.com/city/Michigan.html","Pearl Beach",""
"https://www.city-data.com/city/Michigan.html","Peck, MI",""
"https://www.city-data.com/city/Michigan.html","Pellston",""
"https://www.city-data.com/city/Michigan.html","Pentwater",""
"https://www.city-data.com/city/Michigan.html","Perrinton",""
"https://www.city-data.com/city/Michigan.html","Perry, MI",""
"https://www.city-data.com/city/Michigan.html","Petersburg, MI",""
"https://www.city-data.com/city/Michigan.html","Petoskey",""
"https://www.city-data.com/city/Michigan.html","Pewamo",""
"https://www.city-data.com/city/Michigan.html","Pigeon, MI",""
"https://www.city-data.com/city/Michigan.html","Pinckney, MI",""
"https://www.city-data.com/city/Michigan.html","Pinconning",""
"https://www.city-data.com/city/Michigan.html","Plainwell",""
"https://www.city-data.com/city/Michigan.html","Pleasant Ridge",""
"https://www.city-data.com/city/Michigan.html","Plymouth Township","https://www.city-data.com/city/Plymouth-Township-Michigan.html"
"https://www.city-data.com/city/Michigan.html","Plymouth, MI","https://www.city-data.com/city/Plymouth-Michigan.html"
"https://www.city-data.com/city/Michigan.html","Pontiac, MI","https://www.city-data.com/city/Pontiac-Michigan.html"
"https://www.city-data.com/city/Michigan.html","Port Austin",""
"https://www.city-data.com/city/Michigan.html","Port Hope",""
"https://www.city-data.com/city/Michigan.html","Port Huron","https://www.city-data.com/city/Port-Huron-Michigan.html"
"https://www.city-data.com/city/Michigan.html","Port Sanilac",""
"https://www.city-data.com/city/Michigan.html","Portage, MI","https://www.city-data.com/city/Portage-Michigan.html"
"https://www.city-data.com/city/Michigan.html","Portland, MI",""
"https://www.city-data.com/city/Michigan.html","Posen, MI",""
"https://www.city-data.com/city/Michigan.html","Potterville",""
"https://www.city-data.com/city/Michigan.html","Powers, MI",""
"https://www.city-data.com/city/Michigan.html","Prescott, MI",""
"https://www.city-data.com/city/Michigan.html","Presque Isle Harbor",""
"https://www.city-data.com/city/Michigan.html","Prudenville",""
"https://www.city-data.com/city/Michigan.html","Quincy, MI",""
"https://www.city-data.com/city/Michigan.html","Quinnesec",""
"https://www.city-data.com/city/Michigan.html","Rapid City, MI",""
"https://www.city-data.com/city/Michigan.html","Ravenna, MI",""
"https://www.city-data.com/city/Michigan.html","Reading, MI",""
"https://www.city-data.com/city/Michigan.html","Redford, MI","https://www.city-data.com/city/Redford-Michigan.html"
"https://www.city-data.com/city/Michigan.html","Reed City",""
"https://www.city-data.com/city/Michigan.html","Reese",""
"https://www.city-data.com/city/Michigan.html","Republic, MI",""
"https://www.city-data.com/city/Michigan.html","Richland, MI",""
"https://www.city-data.com/city/Michigan.html","Richmond, MI",""
"https://www.city-data.com/city/Michigan.html","River Rouge","https://www.city-data.com/city/River-Rouge-Michigan.html"
"https://www.city-data.com/city/Michigan.html","Riverview, MI","https://www.city-data.com/city/Riverview-Michigan.html"
"https://www.city-data.com/city/Michigan.html","Robin Glen-Indiantown",""
"https://www.city-data.com/city/Michigan.html","Rochester Hills","https://www.city-data.com/city/Rochester-Hills-Michigan.html"
"https://www.city-data.com/city/Michigan.html","Rochester, MI","https://www.city-data.com/city/Rochester-Michigan.html"
"https://www.city-data.com/city/Michigan.html","Rockford, MI","https://www.city-data.com/city/Rockford-Michigan.html"
"https://www.city-data.com/city/Michigan.html","Rockwood, MI",""
"https://www.city-data.com/city/Michigan.html","Rogers City",""
"https://www.city-data.com/city/Michigan.html","Romeo, MI",""
"https://www.city-data.com/city/Michigan.html","Romulus, MI","https://www.city-data.com/city/Romulus-Michigan.html"
"https://www.city-data.com/city/Michigan.html","Roosevelt Park",""
"https://www.city-data.com/city/Michigan.html","Roscommon",""
"https://www.city-data.com/city/Michigan.html","Rose City, MI",""
"https://www.city-data.com/city/Michigan.html","Rosebush",""
"https://www.city-data.com/city/Michigan.html","Roseville, MI","https://www.city-data.com/city/Roseville-Michigan.html"
"https://www.city-data.com/city/Michigan.html","Rothbury",""
"https://www.city-data.com/city/Michigan.html","Royal Oak","https://www.city-data.com/city/Royal-Oak-Michigan.html"
"https://www.city-data.com/city/Michigan.html","Saginaw Township North","https://www.city-data.com/city/Saginaw-Township-North-Michigan.html"
"https://www.city-data.com/city/Michigan.html","Saginaw Township South","https://www.city-data.com/city/Saginaw-Township-South-Michigan.html"
"https://www.city-data.com/city/Michigan.html","Saginaw, MI","https://www.city-data.com/city/Saginaw-Michigan.html"
"https://www.city-data.com/city/Michigan.html","Saline, MI","https://www.city-data.com/city/Saline-Michigan.html"
"https://www.city-data.com/city/Michigan.html","Sand Lake, MI",""
"https://www.city-data.com/city/Michigan.html","Sandusky, MI",""
"https://www.city-data.com/city/Michigan.html","Sanford, MI",""
"https://www.city-data.com/city/Michigan.html","Saranac, MI",""
"https://www.city-data.com/city/Michigan.html","Saugatuck",""
"https://www.city-data.com/city/Michigan.html","Sault Ste. Marie","https://www.city-data.com/city/Sault-Ste.-Marie-Michigan.html"
"https://www.city-data.com/city/Michigan.html","Schoolcraft",""
"https://www.city-data.com/city/Michigan.html","Scottville, MI",""
"https://www.city-data.com/city/Michigan.html","Sebewaing",""
"https://www.city-data.com/city/Michigan.html","Shelby, MI","https://www.city-data.com/city/Shelby-Michigan.html"
"https://www.city-data.com/city/Michigan.html","Shepherd, MI",""
"https://www.city-data.com/city/Michigan.html","Sheridan, MI",""
"https://www.city-data.com/city/Michigan.html","Sherwood, MI",""
"https://www.city-data.com/city/Michigan.html","Shields, MI","https://www.city-data.com/city/Shields-Michigan.html"
"https://www.city-data.com/city/Michigan.html","Shoreham, MI",""
"https://www.city-data.com/city/Michigan.html","Shorewood-Tower Hills-Harbert",""
"https://www.city-data.com/city/Michigan.html","Skidway Lake",""
"https://www.city-data.com/city/Michigan.html","Snover",""
"https://www.city-data.com/city/Michigan.html","South Boardman",""
"https://www.city-data.com/city/Michigan.html","South Gull Lake",""
"https://www.city-data.com/city/Michigan.html","South Haven, MI",""
"https://www.city-data.com/city/Michigan.html","South Lyon","https://www.city-data.com/city/South-Lyon-Michigan.html"
"https://www.city-data.com/city/Michigan.html","South Monroe","https://www.city-data.com/city/South-Monroe-Michigan.html"
"https://www.city-data.com/city/Michigan.html","South Range",""
"https://www.city-data.com/city/Michigan.html","South Rockwood",""
"https://www.city-data.com/city/Michigan.html","Southfield, MI","https://www.city-data.com/city/Southfield-Michigan.html"
"https://www.city-data.com/city/Michigan.html","Southgate, MI","https://www.city-data.com/city/Southgate-Michigan.html"
"https://www.city-data.com/city/Michigan.html","Sparta, MI",""
"https://www.city-data.com/city/Michigan.html","Spring Arbor",""
"https://www.city-data.com/city/Michigan.html","Spring Lake, MI",""
"https://www.city-data.com/city/Michigan.html","Springfield, MI",""
"https://www.city-data.com/city/Michigan.html","Springport, MI",""
"https://www.city-data.com/city/Michigan.html","St. Charles, MI",""
"https://www.city-data.com/city/Michigan.html","St. Clair Shores","https://www.city-data.com/city/St.-Clair-Shores-Michigan.html"
"https://www.city-data.com/city/Michigan.html","St. Clair, MI",""
"https://www.city-data.com/city/Michigan.html","St. Helen",""
"https://www.city-data.com/city/Michigan.html","St. Ignace",""
"https://www.city-data.com/city/Michigan.html","St. James, MI",""
"https://www.city-data.com/city/Michigan.html","St. Johns, MI","https://www.city-data.com/city/St.-Johns-Michigan.html"
"https://www.city-data.com/city/Michigan.html","St. Joseph, MI","https://www.city-data.com/city/St.-Joseph-Michigan.html"
"https://www.city-data.com/city/Michigan.html","St. Louis, MI","https://www.city-data.com/city/St.-Louis-Michigan.html"
"https://www.city-data.com/city/Michigan.html","Stambaugh",""
"https://www.city-data.com/city/Michigan.html","Standish, MI",""
"https://www.city-data.com/city/Michigan.html","Stanton, MI",""
"https://www.city-data.com/city/Michigan.html","Stanwood, MI",""
"https://www.city-data.com/city/Michigan.html","Stephenson, MI",""
"https://www.city-data.com/city/Michigan.html","Sterling Heights, MI","https://www.city-data.com/city/Sterling-Heights-Michigan.html"
"https://www.city-data.com/city/Michigan.html","Sterling, MI",""
"https://www.city-data.com/city/Michigan.html","Stevensville, MI",""
"https://www.city-data.com/city/Michigan.html","Stockbridge, MI",""
"https://www.city-data.com/city/Michigan.html","Stony Point, MI",""
"https://www.city-data.com/city/Michigan.html","Sturgis, MI","https://www.city-data.com/city/Sturgis-Michigan.html"
"https://www.city-data.com/city/Michigan.html","Sunfield",""
"https://www.city-data.com/city/Michigan.html","Suttons Bay",""
"https://www.city-data.com/city/Michigan.html","Swartz Creek",""
"https://www.city-data.com/city/Michigan.html","Sylvan Lake",""
"https://www.city-data.com/city/Michigan.html","Tawas City",""
"https://www.city-data.com/city/Michigan.html","Taylor, MI","https://www.city-data.com/city/Taylor-Michigan.html"
"https://www.city-data.com/city/Michigan.html","Tecumseh, MI","https://www.city-data.com/city/Tecumseh-Michigan.html"
"https://www.city-data.com/city/Michigan.html","Tekonsha",""
"https://www.city-data.com/city/Michigan.html","Temperance","https://www.city-data.com/city/Temperance-Michigan.html"
"https://www.city-data.com/city/Michigan.html","Thompsonville, MI",""
"https://www.city-data.com/city/Michigan.html","Three Oaks, MI",""
"https://www.city-data.com/city/Michigan.html","Three Rivers, MI","https://www.city-data.com/city/Three-Rivers-Michigan.html"
"https://www.city-data.com/city/Michigan.html","Traverse City","https://www.city-data.com/city/Traverse-City-Michigan.html"
"https://www.city-data.com/city/Michigan.html","Trenton, MI","https://www.city-data.com/city/Trenton-Michigan.html"
"https://www.city-data.com/city/Michigan.html","Trowbridge Park",""
"https://www.city-data.com/city/Michigan.html","Troy, MI","https://www.city-data.com/city/Troy-Michigan.html"
"https://www.city-data.com/city/Michigan.html","Tustin, MI",""
"https://www.city-data.com/city/Michigan.html","Twin Lake",""
"https://www.city-data.com/city/Michigan.html","Ubly",""
"https://www.city-data.com/city/Michigan.html","Union City, MI",""
"https://www.city-data.com/city/Michigan.html","Unionville, MI",""
"https://www.city-data.com/city/Michigan.html","Utica, MI",""
"https://www.city-data.com/city/Michigan.html","Vandalia, MI",""
"https://www.city-data.com/city/Michigan.html","Vanderbilt, MI",""
"https://www.city-data.com/city/Michigan.html","Vandercook Lake",""
"https://www.city-data.com/city/Michigan.html","Vassar, MI",""
"https://www.city-data.com/city/Michigan.html","Vermontville",""
"https://www.city-data.com/city/Michigan.html","Vernon, MI",""
"https://www.city-data.com/city/Michigan.html","Vicksburg, MI",""
"https://www.city-data.com/city/Michigan.html","Village of Clarkston",""
"https://www.city-data.com/city/Michigan.html","Village of Grosse Pointe Shores",""
"https://www.city-data.com/city/Michigan.html","Village of Lake Isabella",""
"https://www.city-data.com/city/Michigan.html","Vineyard Lake",""
"https://www.city-data.com/city/Michigan.html","Wacousta",""
"https://www.city-data.com/city/Michigan.html","Wakefield, MI",""
"https://www.city-data.com/city/Michigan.html","Waldron, MI",""
"https://www.city-data.com/city/Michigan.html","Walkerville, MI",""
"https://www.city-data.com/city/Michigan.html","Walker, MI","https://www.city-data.com/city/Walker-Michigan.html"
"https://www.city-data.com/city/Michigan.html","Walled Lake","https://www.city-data.com/city/Walled-Lake-Michigan.html"
"https://www.city-data.com/city/Michigan.html","Walloon Lake",""
"https://www.city-data.com/city/Michigan.html","Warren, MI","https://www.city-data.com/city/Warren-Michigan.html"
"https://www.city-data.com/city/Michigan.html","Waterford, MI","https://www.city-data.com/city/Waterford-Michigan.html"
"https://www.city-data.com/city/Michigan.html","Watersmeet",""
"https://www.city-data.com/city/Michigan.html","Watervliet, MI",""
"https://www.city-data.com/city/Michigan.html","Waverly, MI","https://www.city-data.com/city/Waverly-Michigan.html"
"https://www.city-data.com/city/Michigan.html","Wayland, MI",""
"https://www.city-data.com/city/Michigan.html","Wayne, MI","https://www.city-data.com/city/Wayne-Michigan.html"
"https://www.city-data.com/city/Michigan.html","Webberville, MI",""
"https://www.city-data.com/city/Michigan.html","Wedgewood, MI",""
"https://www.city-data.com/city/Michigan.html","Weidman",""
"https://www.city-data.com/city/Michigan.html","Wellston, MI",""
"https://www.city-data.com/city/Michigan.html","West Bloomfield Township","https://www.city-data.com/city/West-Bloomfield-Township-Michigan.html"
"https://www.city-data.com/city/Michigan.html","West Branch, MI",""
"https://www.city-data.com/city/Michigan.html","West Ishpeming",""
"https://www.city-data.com/city/Michigan.html","West Monroe, MI",""
"https://www.city-data.com/city/Michigan.html","Westland, MI","https://www.city-data.com/city/Westland-Michigan.html"
"https://www.city-data.com/city/Michigan.html","Westphalia, MI",""
"https://www.city-data.com/city/Michigan.html","Westwood, MI","https://www.city-data.com/city/Westwood-Michigan.html"
"https://www.city-data.com/city/Michigan.html","White Cloud, MI",""
"https://www.city-data.com/city/Michigan.html","White Pigeon",""
"https://www.city-data.com/city/Michigan.html","White Pine, MI",""
"https://www.city-data.com/city/Michigan.html","Whitehall, MI",""
"https://www.city-data.com/city/Michigan.html","Whitmore Lake","https://www.city-data.com/city/Whitmore-Lake-Michigan.html"
"https://www.city-data.com/city/Michigan.html","Whittemore, MI",""
"https://www.city-data.com/city/Michigan.html","Williamston, MI",""
"https://www.city-data.com/city/Michigan.html","Wixom","https://www.city-data.com/city/Wixom-Michigan.html"
"https://www.city-data.com/city/Michigan.html","Wolf Lake, MI",""
"https://www.city-data.com/city/Michigan.html","Wolverine Lake",""
"https://www.city-data.com/city/Michigan.html","Wolverine",""
"https://www.city-data.com/city/Michigan.html","Woodhaven","https://www.city-data.com/city/Woodhaven-Michigan.html"
"https://www.city-data.com/city/Michigan.html","Woodland Beach",""
"https://www.city-data.com/city/Michigan.html","Woodland, MI",""
"https://www.city-data.com/city/Michigan.html","Wyandotte, MI","https://www.city-data.com/city/Wyandotte-Michigan.html"
"https://www.city-data.com/city/Michigan.html","Wyoming, MI","https://www.city-data.com/city/Wyoming-Michigan.html"
"https://www.city-data.com/city/Michigan.html","Yale, MI",""
"https://www.city-data.com/city/Michigan.html","Ypsilanti, MI","https://www.city-data.com/city/Ypsilanti-Michigan.html"
"https://www.city-data.com/city/Michigan.html","Zeba",""
"https://www.city-data.com/city/Michigan.html","Zeeland, MI",""
"https://www.city-data.com/city/Michigan.html","Zilwaukee",""
